n,x,y
623,302.5,117.5
672,302.5,118.5
702,302.0,118.5
733,302.0,118.5
763,302.5,118.0
794,302.5,117.5
826,302.5,117.5
855,303.5,118.0
886,304.5,120.5
933,305.0,120.0
963,305.5,119.5
994,304.5,118.5
1026,305.0,118.5
1056,305.5,118.0
1088,305.5,118.0
1118,305.5,118.0
1151,306.0,117.5
1183,306.5,118.0
1229,306.5,118.0
1259,306.0,118.5
1289,306.5,118.5
1319,307.0,118.5
1351,306.5,118.5
1382,306.5,118.5
1414,308.0,118.5
1445,307.5,120.0
1476,308.0,121.5
1522,309.5,121.0
1552,309.0,119.5
1584,309.0,119.0
1633,310.0,118.5
1663,310.0,119.0
1695,310.5,118.5
1725,310.5,118.5
1755,310.5,118.5
1787,310.0,118.5
1819,310.5,118.5
1851,310.5,118.5
1882,310.5,118.5
1912,310.5,118.5
1944,311.0,118.5
1975,311.5,118.5
2008,311.0,118.5
2053,310.5,119.0
2085,310.5,119.0
2116,310.5,119.0
2147,310.5,118.5
2179,310.0,118.5
2231,310.5,118.5
2273,310.0,118.5
2303,310.5,118.5
2335,310.5,118.5
2369,310.0,118.5
2399,310.0,118.5
2433,310.5,118.5
2464,310.0,118.5
2495,310.5,118.5
2525,310.5,118.5
2555,309.5,118.5
2586,310.5,119.0
2617,310.5,118.5
2649,310.5,118.5
2681,311.0,118.5
2712,311.5,119.0
2742,311.5,118.5
2792,311.5,118.5
2823,312.0,118.5
2854,311.5,119.0
2884,312.0,119.0
2915,312.0,119.0
2962,312.5,119.0
2993,312.0,119.0
3023,312.0,119.0
3052,312.0,119.0
3085,312.0,119.0
3117,311.5,119.0
3146,311.5,119.0
3177,311.5,119.0
3208,311.5,119.0
3240,311.5,119.0
3270,312.5,119.0
3317,311.5,119.0
3349,312.0,118.5
3380,312.0,119.0
3427,312.0,119.0
3459,312.0,119.0
3491,312.0,119.0
3519,312.0,119.0
3551,312.0,119.0
3583,312.5,119.0
3613,313.0,119.5
3643,312.5,119.0
3675,313.0,119.0
3706,312.0,119.0
3754,312.0,119.0
3785,312.5,119.0
3816,312.5,119.0
3847,313.0,119.0
3877,312.5,119.0
3909,312.0,119.0
3940,312.5,119.5
3988,312.0,119.5
4022,312.5,119.0
4065,312.5,119.0
4098,312.5,119.0
4130,312.5,119.5
4190,312.5,119.0
4221,313.0,119.0
4250,313.0,119.5
4283,312.5,119.5
4313,313.0,119.0
4344,313.0,119.5
4375,313.0,119.0
4407,313.0,119.5
4438,313.0,119.0
4469,313.0,119.5
4500,313.0,119.5
4531,313.0,119.0
4563,313.0,120.0
4622,313.0,119.5
4653,313.0,119.5
4685,313.0,119.5
4716,313.0,120.0
4748,313.5,119.5
4778,313.0,119.5
4809,313.0,119.5
4839,313.0,120.0
4870,313.0,119.0
4901,313.5,119.5
4935,313.5,119.5
4968,313.0,120.0
5013,313.5,119.5
5043,313.5,119.5
5075,313.5,119.5
5107,313.5,119.5
5136,313.5,120.0
5168,314.0,119.5
5200,313.5,119.5
5231,314.0,119.0
5262,313.5,119.5
5294,313.5,119.5
5324,314.0,119.5
5371,313.0,121.0
5401,314.0,121.0
5450,313.5,120.0
5483,313.5,119.5
5513,313.5,119.5
5544,314.0,119.5
5577,313.5,120.0
5609,313.5,119.5
5639,314.0,119.5
5669,313.5,119.5
5701,313.5,119.5
5734,313.5,119.5
5762,313.5,119.5
5809,313.5,119.5
5840,313.5,119.5
5890,313.5,119.0
5918,313.5,119.5
5951,313.5,119.5
5983,313.5,119.5
6015,313.5,119.5
6048,313.5,119.5
6078,313.0,120.0
6109,313.5,120.0
6142,313.5,119.5
6172,313.0,119.0
6202,313.0,119.5
6234,313.0,119.5
6265,313.0,119.0
6312,313.5,119.5
6343,313.5,119.0
6374,313.0,120.0
6405,313.5,120.0
6435,313.5,120.0
6467,313.5,119.5
6497,313.5,120.0
6527,313.5,120.0
6576,313.5,119.5
6609,313.0,119.0
6637,313.5,120.0
6667,313.0,119.5
6715,313.5,119.0
6748,313.0,120.0
6811,313.0,119.5
6839,313.0,120.0
6869,312.5,120.0
6902,313.0,120.0
6934,313.0,119.5
6966,313.0,119.5
6997,312.5,119.5
7028,312.0,119.5
7059,312.0,119.5
7091,312.5,119.5
7124,313.0,120.0
7154,312.5,119.5
7185,313.0,120.0
7217,313.0,120.0
7248,313.5,119.5
7278,313.5,120.0
7309,313.5,120.0
7340,313.5,120.0
7371,313.5,119.5
7401,313.5,119.5
7433,313.5,120.0
7465,313.0,120.0
7495,313.5,120.0
7544,313.5,119.5
7573,313.5,119.5
7605,313.5,119.5
7636,313.5,119.5
7667,313.5,119.5
7704,313.5,120.0
7746,313.5,119.5
7777,313.5,120.0
7933,313.5,120.0
7967,313.5,120.0
7997,313.0,120.0
8028,313.0,119.5
8060,313.5,119.5
8091,313.5,120.0
8122,313.5,119.5
8154,313.5,119.5
8185,313.5,120.0
8201,313.0,120.0
8231,313.0,120.0
8263,313.0,119.5
8293,313.0,120.0
8325,313.0,119.5
8371,312.5,120.0
8404,312.5,120.0
8435,312.5,119.5
8466,312.5,120.0
8497,312.5,120.0
8527,312.5,120.0
8572,312.5,121.0
8603,311.5,122.5
8635,312.5,122.0
8666,312.5,120.0
8699,313.0,120.5
8727,312.5,120.5
8759,312.5,120.0
8804,312.5,120.0
8837,312.5,119.5
8883,312.5,120.0
8916,312.5,120.0
8960,312.5,120.0
8992,312.5,120.0
9024,312.5,120.0
9055,312.5,120.0
9087,312.0,120.0
9121,312.0,119.5
9164,312.5,120.0
9197,312.0,119.5
9225,311.5,120.0
9260,312.0,120.0
9304,312.0,120.0
9335,312.0,120.0
9368,312.0,120.0
9400,312.0,120.0
9430,312.5,120.0
9460,312.5,120.0
9490,312.5,120.0
9524,312.0,120.0
9553,312.0,120.0
9586,312.5,120.0
9619,312.0,120.0
9649,312.0,120.0
9680,312.0,120.5
9710,312.0,121.0
9744,312.0,121.0
9775,311.5,121.0
9805,312.0,121.0
9835,311.0,120.5
9867,311.0,120.5
9898,311.5,120.5
9930,311.0,120.5
9992,311.5,120.5
10022,310.5,120.5
10052,311.0,120.5
10085,311.0,120.5
10117,311.0,121.0
10147,311.0,120.5
10178,311.0,120.5
10209,311.0,120.5
10239,311.0,120.5
10269,311.0,121.0
10301,311.5,121.0
10333,312.5,124.0
10363,311.5,126.0
10395,311.5,124.5
10426,312.5,122.5
10459,312.0,121.0
10489,312.0,120.5
10539,312.0,121.0
10567,311.0,121.0
10600,311.5,121.0
10632,311.5,121.0
10661,311.0,120.5
10694,311.5,120.0
10738,311.0,120.5
10770,311.0,120.0
10800,311.0,120.0
10832,311.0,120.0
10863,311.5,120.0
10894,311.5,120.0
10924,311.0,120.0
10973,311.0,120.0
11082,311.0,120.5
11115,311.0,120.0
11144,311.5,120.0
11175,311.0,120.5
11206,311.5,120.0
11238,311.5,120.0
11270,311.5,120.5
11300,311.0,120.0
11331,311.5,120.0
11361,311.5,120.0
11391,311.0,120.0
11421,311.0,120.0
11453,311.0,120.5
11485,311.0,120.0
11514,311.0,120.5
11547,311.0,120.0
11577,311.0,120.5
11609,311.5,120.0
11641,311.0,120.0
11673,311.0,120.0
11704,311.0,120.0
11732,311.0,120.5
11765,311.5,120.0
11796,311.5,120.5
11826,311.5,120.5
11888,311.5,120.0
11918,311.5,120.5
11951,312.0,122.5
11983,312.5,124.5
12012,312.5,122.0
12044,312.5,120.5
12075,313.0,120.5
12106,312.5,120.5
12136,312.5,120.5
12169,312.0,120.5
12198,311.5,120.5
12228,312.0,120.0
12260,311.5,120.0
12291,311.5,120.5
12323,311.5,120.5
12356,311.0,120.5
12387,311.0,120.5
12418,311.5,120.5
12449,311.0,120.5
12482,311.0,120.5
12514,311.0,120.5
12543,311.0,121.0
12577,311.0,121.0
12605,311.0,120.5
12637,311.5,121.0
12668,312.0,121.0
12701,311.5,120.5
12731,311.0,121.0
12762,312.0,125.5
12794,312.0,127.0
12822,311.5,124.0
12854,312.0,122.5
12886,313.0,121.5
12916,312.5,121.5
12949,313.0,121.5
12995,312.5,121.5
13026,312.0,121.5
13058,312.0,121.5
13105,312.5,121.0
13136,312.0,121.0
13168,311.0,121.5
13198,311.5,120.5
13233,311.0,121.0
13275,311.5,121.5
13309,311.5,121.0
13338,311.5,121.5
13370,312.5,121.0
13401,312.5,121.0
13433,312.0,121.5
13464,312.0,121.5
13495,312.0,121.5
13541,312.0,121.5
13571,312.0,121.0
13604,312.5,121.0
13636,311.5,121.5
13668,312.5,121.5
13698,312.0,121.0
13733,312.0,121.5
13763,312.0,121.5
13792,312.5,121.0
13823,312.0,121.5
13854,312.5,121.0
13885,312.5,121.5
14165,312.0,121.0
14196,311.5,121.5
14228,312.0,121.0
14260,311.5,121.0
14291,312.5,121.0
14322,313.0,121.0
14354,312.0,121.0
14383,312.5,121.0
14416,312.5,121.0
14445,313.0,121.0
14477,312.5,121.0
14509,312.0,121.0
14539,312.5,121.0
14570,312.5,121.5
14602,313.0,122.0
14633,313.5,121.5
14664,313.5,121.5
14694,312.5,121.5
14725,313.5,121.5
14756,313.0,121.5
14788,313.0,121.5
14821,313.5,121.0
14866,313.0,121.5
14897,313.5,122.0
14929,312.0,125.5
14962,313.0,126.5
14992,314.0,125.5
15023,314.0,122.5
15056,314.0,121.5
15085,314.0,122.0
15116,314.0,121.5
15149,313.5,121.5
15195,313.5,121.0
15245,313.5,120.5
15289,313.0,120.5
15319,313.0,120.5
15351,312.5,120.5
15382,312.5,121.0
15415,313.0,120.5
15447,313.0,121.0
15480,313.0,121.0
15510,313.0,121.5
15540,313.5,122.0
15570,313.0,125.0
15600,313.5,124.5
15632,313.5,121.5
15665,313.0,121.5
15696,312.5,121.0
15726,312.5,121.0
15756,312.5,121.0
15786,312.5,121.5
15817,312.5,121.5
15848,312.5,121.0
15880,313.0,121.0
15909,313.0,121.5
15941,313.0,121.0
15970,313.0,121.0
16016,313.5,121.0
16064,313.0,121.5
16094,313.5,121.5
16129,313.5,121.5
16171,314.0,121.5
16203,315.0,123.0
16234,314.0,126.5
16266,314.0,127.5
16297,315.0,124.5
16328,315.0,122.5
16358,315.0,121.0
16389,314.5,121.0
16420,314.5,121.0
16451,314.5,121.0
16500,314.5,121.0
16531,314.5,121.5
16561,314.5,121.5
16591,314.5,121.5
16623,314.5,121.5
16656,314.5,121.5
16685,314.5,122.0
16716,314.5,122.0
16746,314.5,121.5
16779,315.0,121.5
16809,315.0,121.5
16839,315.0,125.5
16889,314.5,128.5
16918,315.0,127.5
16948,315.0,125.5
16981,315.5,122.5
17032,315.5,121.5
17073,315.5,122.0
17105,315.5,122.0
17137,315.0,122.0
17168,315.0,122.0
17200,315.0,122.0
17229,314.5,122.0
17307,314.5,121.5
17338,314.5,122.0
17370,314.5,122.0
17402,314.0,122.5
17434,314.0,122.5
17466,314.5,122.5
17497,314.0,122.0
17526,315.0,123.5
17559,314.5,128.0
17589,314.0,128.5
17623,315.0,126.5
17667,315.0,124.0
17700,315.5,123.0
17744,316.5,122.5
17776,316.5,123.0
17807,318.0,122.5
17838,318.0,121.5
17868,318.0,122.0
17901,319.0,122.0
17932,320.0,122.0
17963,320.5,122.5
17997,320.5,124.0
18038,320.5,125.0
18071,321.5,125.5
18101,321.5,125.5
18133,322.0,127.0
18165,321.5,127.0
18198,321.5,126.5
18228,321.5,126.0
18259,321.5,123.5
18289,321.0,122.5
18366,320.5,122.5
18399,319.0,122.0
18431,319.0,121.5
18464,319.0,121.5
18494,318.5,121.5
18524,317.0,122.0
18555,316.0,122.0
18586,315.5,123.0
18618,314.5,123.0
18651,315.0,123.5
18682,314.5,123.5
18714,314.0,124.0
18744,314.0,124.5
18775,314.0,123.0
18810,313.5,123.5
18852,313.5,123.5
18884,313.0,123.5
18919,313.5,124.5
18964,314.0,124.0
18995,313.5,125.0
19026,314.0,125.0
19058,314.5,124.0
19088,313.5,123.5
19119,314.0,124.0
19150,313.5,125.0
19181,313.5,123.5
19212,313.0,124.0
19244,312.5,124.0
19276,312.5,124.5
19305,312.0,125.5
19339,312.5,126.5
19384,312.5,125.5
19417,312.5,125.0
19448,311.5,125.5
19479,312.5,125.0
19509,311.5,125.0
19541,312.0,124.0
19573,311.5,125.5
19603,311.5,125.5
19635,312.0,124.5
19666,311.5,124.0
19698,311.0,125.0
19728,311.5,125.0
19757,311.5,125.5
19791,312.5,124.5
19835,312.5,123.0
19867,312.0,122.5
19900,312.0,122.5
19930,312.0,123.0
19959,312.5,123.0
19992,313.0,123.0
20022,313.0,123.5
20052,313.0,123.0
20084,312.5,123.0
20126,313.5,123.0
20190,314.5,122.5
20229,315.5,125.0
20259,316.0,131.5
20289,316.0,131.5
20318,316.5,131.0
20351,316.5,132.0
20398,317.5,132.0
20431,317.5,131.5
20459,317.5,131.5
20492,317.0,131.0
20523,317.0,131.5
20553,317.0,131.0
20584,316.5,130.0
20615,315.5,128.0
20647,314.0,128.0
20676,314.5,127.0
20708,314.5,126.0
20740,313.0,126.5
20770,313.5,126.0
20801,313.0,126.0
20835,312.5,126.0
20865,313.0,127.0
20897,313.5,128.0
20929,314.0,128.5
20960,314.5,129.0
21019,314.5,128.0
21050,314.5,128.0
21082,314.0,128.0
21112,313.0,128.0
21143,313.5,128.5
21174,313.0,127.0
21203,312.5,125.0
21234,313.0,125.5
21265,312.0,122.0
21296,312.5,121.5
21328,312.0,120.5
21359,311.5,120.0
21390,311.0,120.5
21451,311.5,120.5
21486,311.0,121.5
21524,311.0,122.5
21617,311.5,123.5
21661,312.0,123.5
21690,312.0,123.0
21725,312.0,122.5
21769,313.0,122.0
21800,313.5,121.0
21834,312.5,121.0
21879,313.0,121.5
21908,313.0,121.0
21939,313.0,120.5
21970,313.0,120.5
22002,313.5,121.0
22032,313.5,121.5
22064,313.0,121.5
22097,313.0,121.0
22127,314.0,121.0
22158,315.0,122.0
22189,316.0,123.0
22220,317.0,123.0
22250,317.5,123.0
22282,317.5,122.0
22316,318.0,122.0
22344,318.5,121.5
22377,317.5,122.0
22406,317.0,122.0
22437,314.0,123.0
22500,314.5,123.0
22534,313.0,123.0
22566,311.5,124.5
22598,311.0,124.5
22630,311.0,124.5
22659,310.5,124.5
22695,311.5,123.5
22736,312.0,122.5
22766,312.0,122.0
22799,312.5,121.5
22831,311.5,120.5
22864,311.5,120.0
22905,311.5,119.5
22939,311.5,119.5
22969,312.0,119.5
23000,313.0,119.5
23032,313.5,119.0
23066,313.0,119.0
23095,313.0,119.0
23126,313.0,119.0
23158,313.0,119.5
23189,314.0,120.0
23218,314.0,121.0
23251,314.0,121.5
23284,314.0,122.0
23315,314.0,122.0
23346,314.0,122.5
23378,311.5,123.0
23412,310.5,123.0
23440,309.5,122.5
23469,309.5,121.5
23501,308.5,121.0
23535,308.0,121.0
23565,307.0,121.5
23596,306.5,121.5
23628,306.0,121.5
23680,305.0,121.5
23711,305.5,121.5
23739,305.0,121.5
23768,305.5,121.5
23799,305.0,121.5
23832,306.5,121.0
23862,306.5,121.0
23893,307.0,121.0
23923,307.0,121.0
23954,307.5,121.0
23986,307.5,121.0
24018,308.0,121.5
24049,308.0,122.0
24097,309.0,122.0
24128,309.0,122.0
24157,309.5,122.0
24189,310.5,122.0
24236,311.5,122.0
24268,312.0,122.0
24300,312.5,122.0
24331,313.0,122.5
24363,313.5,122.0
24395,314.0,122.0
24426,314.5,122.0
24456,315.0,122.0
24490,314.0,122.5
24535,313.0,124.5
24567,311.0,127.0
24599,310.0,125.5
24633,312.0,124.0
24661,311.5,122.5
24693,311.5,121.5
24724,311.5,122.0
24755,311.0,123.0
24791,309.5,123.0
24838,308.0,124.5
24869,307.0,126.5
24901,306.0,127.0
24932,304.5,128.5
24977,305.0,127.5
25011,305.0,125.0
25043,306.5,123.5
25073,307.0,123.5
25103,306.5,122.5
25137,308.0,122.0
25166,307.5,122.0
25198,307.5,122.0
25230,309.0,122.5
25259,308.5,122.0
25290,308.5,122.5
25325,309.5,122.5
25369,309.5,122.5
25401,310.0,122.0
25433,310.5,122.5
25464,310.5,123.0
25499,310.5,123.5
25589,310.0,123.0
25621,310.0,123.5
25653,310.5,124.5
25697,310.5,126.0
25729,310.0,126.5
25761,309.5,126.0
25793,308.5,128.0
25825,308.5,127.0
25859,308.5,128.0
25901,308.0,127.5
25935,308.0,128.0
25965,307.5,128.0
25998,307.5,128.5
26031,307.0,128.5
26063,307.5,129.0
26093,307.5,129.5
26131,307.5,129.0
26171,308.0,129.5
26203,308.5,130.5
26232,308.5,130.5
26263,309.0,130.5
26296,308.5,130.5
26327,309.5,130.5
26357,309.0,130.5
26390,309.0,130.5
26421,309.0,130.5
26452,309.0,130.5
26483,309.0,130.5
26515,310.0,131.0
26546,309.5,131.0
26575,309.5,130.5
26607,309.0,130.5
26639,309.0,130.5
26669,309.0,130.5
26702,309.0,130.0
26733,309.0,130.5
26764,308.5,130.0
26796,308.0,130.0
26828,308.0,130.0
26858,308.0,130.5
26889,308.0,130.0
26921,307.5,130.0
26952,307.5,130.5
26983,306.5,130.5
27014,307.0,130.5
27046,306.5,130.5
27076,306.5,130.5
27106,306.5,130.5
27142,306.5,130.5
27185,306.0,130.5
27216,306.5,130.5
27246,306.5,130.5
27279,306.5,130.5
27310,307.0,130.5
27344,307.0,130.5
27387,307.0,130.5
27419,307.0,130.5
27449,307.0,130.5
27484,307.0,130.5
27514,307.5,130.5
27547,307.5,130.5
27581,308.0,130.5
27626,309.0,130.5
27662,309.5,130.5
27704,310.0,131.0
27735,309.5,131.0
27767,310.0,131.0
27798,310.0,131.0
27829,310.0,130.5
27862,311.0,130.5
27907,311.0,131.0
27938,310.5,131.0
27970,311.0,131.0
28001,311.0,131.0
28033,311.0,131.0
28065,311.0,131.0
28095,311.0,131.0
28124,310.5,131.0
28155,310.5,130.5
28188,310.5,130.5
28217,310.5,130.5
28248,310.0,130.5
28280,310.0,130.5
28312,309.5,130.0
28343,309.5,130.0
28376,309.0,130.0
28405,309.0,130.5
28437,309.0,130.5
28468,309.5,130.5
28499,309.5,130.0
28531,309.0,130.5
28564,309.0,130.5
28607,309.0,130.5
28638,309.0,130.5
28671,309.0,130.5
28716,309.0,130.5
28747,309.0,130.5
28779,309.0,130.5
28808,309.0,130.5
28841,309.0,130.5
28872,309.0,130.5
28902,309.5,130.5
28933,309.0,130.5
28967,309.5,130.5
29011,309.0,130.5
29042,309.0,130.5
29074,308.5,130.0
29105,309.0,130.0
29134,308.5,130.0
29167,308.5,130.5
29196,308.5,130.0
29228,308.5,130.5
29261,308.5,130.5
29291,308.5,130.5
29324,308.5,130.5
29354,308.5,130.5
29385,308.5,130.5
29419,308.5,130.0
29450,308.5,130.5
29482,308.5,130.5
29513,308.5,130.5
29546,308.0,130.5
29577,308.0,130.5
29623,308.5,130.5
29656,308.0,130.5
29700,307.5,130.5
29730,308.0,130.5
29762,308.0,130.5
29793,307.5,130.5
29830,307.5,130.5
29876,307.5,130.5
29918,307.5,130.5
29951,307.5,130.0
29982,308.0,130.5
30014,307.5,130.5
30045,307.5,130.5
30074,307.5,130.5
30107,307.5,130.5
30139,308.0,130.0
30171,307.5,130.0
30216,308.0,129.5
30246,307.0,129.0
30278,307.0,129.0
30309,307.0,129.0
30339,307.0,128.5
30373,307.0,128.5
30403,307.5,128.5
30450,307.0,129.0
30498,306.5,129.0
30544,307.0,129.0
30590,307.0,129.5
30620,307.0,129.0
30668,307.5,129.0
30712,307.0,129.0
30740,307.5,129.0
30773,307.0,128.5
30803,307.0,128.5
30838,307.0,130.0
30881,307.0,129.0
30915,307.5,129.0
30945,307.5,129.5
30976,307.0,129.0
31007,307.0,129.0
31039,307.0,129.0
31082,307.0,129.0
31114,307.5,129.5
31146,307.5,129.0
31179,307.0,129.5
31210,307.5,129.0
31243,307.0,130.0
31274,306.5,129.0
31304,307.0,129.5
31338,307.0,129.5
31367,307.5,130.0
31398,306.5,128.5
31431,307.0,130.5
31461,307.0,129.0
31499,307.5,130.0
31541,307.5,129.5
31589,307.0,129.5
31639,307.0,129.5
31689,307.0,129.5
31728,307.0,129.0
31759,306.5,129.5
31790,306.5,129.5
31827,306.0,130.0
31868,306.5,129.5
31900,307.0,130.0
31931,307.5,131.0
31966,307.5,130.0
31997,307.5,130.0
32027,307.5,130.5
32058,308.5,130.0
32090,308.5,130.0
32122,308.5,130.0
32155,308.5,130.0
32185,308.5,130.0
32214,309.0,130.5
32248,309.5,130.0
32278,309.5,130.5
32358,309.5,130.0
32389,309.5,130.0
32418,310.5,129.5
32449,310.0,129.5
32481,310.0,129.5
32515,310.0,129.5
32546,310.5,130.0
32578,310.0,129.5
32610,310.0,129.5
32642,310.0,129.5
32672,310.0,129.5
32704,310.0,130.0
32739,310.0,130.0
32783,310.5,129.5
32815,310.5,129.5
32847,310.0,129.5
32878,310.0,129.5
32910,310.0,129.5
32941,310.5,129.5
32972,310.0,129.5
33003,310.5,130.0
33035,310.5,129.5
33065,310.0,129.5
33096,310.0,129.5
33129,310.5,129.0
33160,310.5,129.5
33192,310.0,129.5
33222,310.0,129.5
33254,309.5,129.5
33285,310.0,129.5
33316,309.5,129.5
33354,310.0,129.5
33425,309.5,129.5
33459,309.5,129.5
33491,309.5,129.5
33522,309.5,129.0
33554,309.5,128.5
33586,309.5,129.5
33617,309.5,129.0
33650,309.5,129.0
33681,309.5,129.0
33713,309.5,128.5
33742,309.5,129.0
33775,309.5,129.5
33804,310.0,129.0
33838,309.5,129.0
33870,309.5,129.5
33915,309.5,129.0
33946,309.5,129.0
33977,310.0,129.0
34009,310.5,129.0
34039,310.0,128.5
34072,310.0,129.5
34104,309.5,129.5
34135,309.5,129.0
34165,309.5,129.0
34197,309.5,129.0
34230,309.5,129.0
34260,309.5,128.5
34290,310.0,129.5
34323,310.0,129.0
34354,310.0,129.0
34387,310.5,129.0
34418,310.0,128.5
34466,310.0,129.0
34498,310.0,128.5
34529,310.5,129.0
34564,310.5,129.5
34608,310.0,128.5
34640,310.5,128.5
34672,310.5,129.5
34703,310.5,128.5
34734,310.5,128.5
34765,311.0,128.5
34797,311.0,128.5
34829,310.5,129.0
34861,310.0,129.0
34892,310.5,128.5
34923,310.5,129.0
34955,310.5,129.0
34985,310.5,128.5
35016,310.0,129.0
35048,309.5,128.5
35079,309.5,129.0
35110,309.0,128.5
35143,309.0,129.0
35175,309.0,129.0
35206,309.0,129.0
35235,308.5,128.5
35265,309.0,129.0
35296,308.5,128.5
35326,309.0,129.0
35357,309.5,129.0
35402,309.0,129.0
35437,309.0,128.5
35467,309.5,129.0
35497,309.5,129.0
35544,309.5,128.5
35574,309.5,128.0
35605,309.5,128.5
35636,309.5,129.0
35667,309.5,129.0
35716,309.5,129.0
35747,309.5,129.0
35779,310.0,128.5
35812,309.5,128.5
35842,309.5,129.0
35873,310.0,129.0
35905,309.5,128.5
35937,310.0,129.0
35983,309.5,129.5
36015,310.0,129.5
36046,310.0,129.5
36078,310.0,129.0
36109,310.0,129.0
36140,310.0,129.5
36172,310.5,129.0
36204,310.5,128.5
36236,310.5,129.0
36266,310.5,129.5
36298,310.5,129.0
36332,310.5,129.0
36377,311.0,129.5
36406,311.0,129.5
36439,311.0,129.5
36472,311.0,129.5
36502,310.5,129.5
36534,310.5,129.0
36565,311.0,129.5
36610,310.5,129.0
36641,310.5,129.0
36674,310.5,129.5
36705,310.5,129.0
36735,310.0,129.5
36767,310.0,129.0
36813,310.5,129.0
36846,310.0,129.0
36877,310.0,129.0
36910,310.5,129.5
36941,310.5,129.5
36977,310.0,130.0
37019,310.5,129.5
37048,310.5,129.0
37082,310.5,129.5
37115,310.5,130.0
37146,310.0,129.5
37177,310.0,129.5
37207,310.5,129.5
37239,310.5,129.5
37273,310.0,129.0
37300,310.0,129.0
37332,310.0,129.5
37365,310.5,128.5
37396,309.5,129.5
37443,309.5,129.5
37475,310.0,129.5
37506,309.5,129.0
37538,309.5,129.0
37573,309.5,129.5
37618,310.0,129.5
37650,310.0,129.5
37684,310.0,129.5
37729,310.0,130.0
37791,310.0,130.0
37824,309.5,129.5
37868,309.5,129.0
37900,309.5,129.5
37933,309.5,129.0
37964,309.5,129.5
38003,309.0,129.0
38043,309.5,128.0
38074,309.5,127.5
38106,309.5,127.5
38136,309.5,127.5
38167,309.0,127.5
38198,309.0,127.5
38234,308.5,127.5
38277,309.0,128.0
38310,309.0,128.5
38339,309.5,129.0
38370,309.5,129.0
38401,308.5,128.5
38433,310.0,129.0
38464,310.5,130.5
38496,310.5,130.5
38528,310.5,130.5
38558,311.0,130.0
38588,311.0,131.0
38620,310.5,130.5
38653,310.0,131.5
38684,311.0,131.0
38714,310.5,130.0
38746,309.5,129.5
38777,310.0,129.5
38809,310.0,129.0
38840,310.0,129.0
38871,309.5,129.0
38902,309.5,128.5
38933,309.5,129.5
38964,309.5,129.5
38997,309.5,128.0
39028,309.0,129.5
39060,307.5,129.0
39181,307.0,128.5
39219,305.5,126.5
39252,306.0,128.5
39282,306.0,127.5
39315,306.0,127.5
39346,306.0,127.0
39377,306.0,128.5
39410,306.0,127.5
39440,306.0,128.5
39473,306.0,129.0
39506,305.5,126.5
39564,305.5,127.5
39592,305.5,126.5
39623,304.5,126.5
39656,304.5,128.5
39685,305.0,127.5
39715,305.0,128.5
39748,305.5,128.0
39780,306.0,129.0
39811,306.0,129.5
39842,306.0,128.5
39874,306.5,131.0
39903,307.5,131.0
39934,307.0,131.5
39965,307.0,131.5
39996,307.5,131.0
40027,307.5,131.5
40059,306.5,130.0
40096,307.0,128.5
40127,307.0,129.0
40159,307.0,129.0
40205,307.5,129.0
40237,307.0,128.5
40267,307.5,129.5
40299,307.5,129.0
40330,308.0,129.5
40361,307.5,127.5
40391,307.5,129.0
40421,307.5,128.0
40467,307.5,128.5
40498,308.0,129.0
40528,307.5,128.5
40562,307.5,129.0
40592,307.5,130.5
40637,308.0,131.5
40668,307.0,132.0
40699,308.0,132.0
40732,307.5,132.0
40764,307.5,132.0
40794,308.0,132.0
40826,307.5,131.5
40858,308.0,131.5
40886,307.5,131.5
40932,307.5,131.5
40963,308.0,131.0
40995,308.0,132.5
41027,307.5,131.5
41071,308.0,131.5
41101,308.0,131.5
41133,307.5,132.0
41165,308.5,131.5
41197,308.0,131.5
41228,308.0,132.0
41259,308.0,131.5
41289,308.5,131.5
41322,308.0,131.5
41353,308.0,131.5
41398,308.5,131.5
41429,308.5,131.5
41461,308.0,131.5
41506,308.0,132.0
41538,308.0,131.5
41571,308.0,131.5
41599,308.0,132.0
41631,308.0,132.0
41664,308.0,132.0
41695,308.0,131.5
41742,308.0,131.5
41792,308.0,131.0
41834,309.0,131.5
41864,309.0,131.5
41898,308.5,131.0
41973,309.0,131.5
42004,309.0,131.5
42035,310.0,131.5
42066,310.0,131.0
42099,310.0,131.0
42129,310.5,131.0
42160,310.5,131.0
42191,310.0,131.0
42221,311.5,130.0
42254,311.5,131.0
42289,310.5,130.5
42334,311.0,130.5
42363,311.5,130.0
42398,312.0,130.0
42428,311.0,129.5
42458,310.5,130.5
42490,311.0,129.5
42519,311.0,129.0
42550,310.5,130.0
42581,311.0,130.5
42613,310.0,130.5
42644,310.5,130.0
42675,310.0,130.5
42707,310.0,131.0
42738,310.0,131.5
42769,310.0,131.0
42802,310.0,131.0
42831,310.0,131.0
42862,310.0,131.5
42891,310.5,131.5
42925,310.0,131.0
42957,310.0,131.0
42988,310.0,132.0
43019,310.0,132.0
43050,309.5,131.5
43081,310.0,131.5
43114,310.0,131.5
43146,309.5,133.5
43179,307.0,133.5
43207,307.0,133.5
43238,308.0,132.5
43273,309.0,132.5
43301,309.0,132.0
43332,309.0,132.0
43363,308.5,132.5
43395,309.0,132.5
43425,309.5,131.5
43457,309.5,131.5
43489,309.0,132.0
43520,309.5,132.0
43551,309.5,132.0
43597,309.5,132.5
43628,309.5,132.0
43659,310.0,132.0
43692,309.0,132.0
43721,309.5,132.0
43755,309.5,132.0
43785,309.0,131.5
43816,310.0,132.5
43849,308.5,132.0
43894,309.0,131.5
43925,309.0,132.0
43956,309.0,132.0
43986,309.0,132.0
44035,308.5,132.0
44081,308.0,132.0
44113,309.0,131.5
44144,308.5,131.0
44182,309.0,131.0
44224,308.5,132.0
44255,309.0,131.5
44285,309.0,131.5
44315,309.0,131.5
44345,309.0,131.5
44379,309.5,132.0
44411,309.5,131.5
44442,309.0,132.0
44474,309.5,131.5
44505,309.0,131.5
44537,308.5,132.0
44566,309.0,132.0
44596,308.5,132.0
44629,308.5,132.0
44662,309.0,132.0
44691,309.0,132.0
44723,309.0,132.0
44755,309.0,131.5
44786,309.0,131.5
44817,308.5,131.5
44847,308.0,130.0
44896,308.0,130.0
44927,308.0,129.5
44958,308.5,130.5
44989,308.0,129.5
45050,308.5,129.5
45084,308.0,129.0
45131,308.0,130.0
45161,308.0,130.0
45192,308.0,129.5
45223,308.5,130.0
45253,308.0,129.0
45284,308.0,130.0
45315,308.0,129.0
45349,308.0,129.5
45376,308.0,129.5
45408,308.5,129.0
45439,308.0,129.5
45470,308.0,129.0
45500,308.0,129.5
45533,307.5,129.0
45565,307.0,129.0
45596,307.5,129.0
45627,307.5,129.5
45660,307.0,130.0
45691,307.0,130.0
45718,307.0,129.0
45750,307.0,129.5
45781,307.0,129.5
45813,308.0,130.0
45846,308.0,129.5
45878,308.5,130.0
45924,308.5,129.0
45957,309.0,129.5
46000,309.0,129.0
46032,308.5,130.5
46064,308.5,130.0
46095,307.5,130.0
46126,307.0,129.0
46157,307.5,129.5
46209,307.0,130.0
46265,306.5,129.5
46296,306.5,129.5
46325,307.0,129.5
46359,307.5,129.0
46390,307.0,130.0
46422,307.0,129.5
46452,307.0,130.0
46484,306.5,129.5
46516,307.0,129.5
46547,307.5,130.0
46578,308.0,129.5
46622,308.5,130.0
46654,308.0,129.5
46687,309.0,129.0
46734,308.5,130.5
46780,308.5,129.5
46822,309.0,130.5
46856,309.5,130.0
46884,309.0,130.0
46917,309.0,130.0
46947,309.0,129.5
46980,309.0,129.5
47012,309.5,130.0
47042,309.5,129.0
47073,309.5,129.5
47105,308.0,131.0
47137,308.0,132.0
47167,308.0,131.5
47199,308.0,132.0
47230,308.5,132.0
47261,308.0,131.5
47291,308.5,131.5
47323,308.0,132.0
47354,308.0,132.0
47385,308.0,132.0
47415,307.0,131.5
47447,307.0,132.0
47479,307.5,132.0
47510,307.0,132.0
47543,306.5,132.0
47573,307.5,132.0
47602,307.0,132.0
47634,306.5,132.0
47666,306.5,132.0
47696,306.0,132.5
47726,305.5,133.0
47759,304.0,132.5
47801,304.0,133.0
47850,304.0,133.5
47880,304.0,134.0
47913,304.5,134.5
47944,303.5,134.5
47973,302.5,134.0
48005,301.5,134.0
48035,301.5,134.0
48066,302.0,134.0
48097,302.5,133.0
48129,302.0,132.5
48160,302.0,132.0
48208,301.0,131.5
48240,299.5,130.5
48286,299.0,130.0
48317,297.5,129.5
48350,297.5,129.0
48380,296.5,128.5
48411,296.0,128.5
48443,295.5,128.5
48474,295.0,129.0
48506,294.5,129.5
48537,294.0,130.0
48567,293.5,130.5
48598,295.0,130.5
48629,296.0,131.0
48695,296.0,131.5
48723,296.0,131.5
48753,296.0,131.5
48785,297.0,132.0
48816,297.0,132.0
48847,297.5,131.5
48877,299.5,132.0
48909,301.5,133.0
48940,303.0,133.5
48971,303.0,133.5
49003,304.5,133.5
49035,305.0,133.5
49065,305.5,133.5
49114,305.5,133.0
49143,306.0,132.5
49173,306.0,133.0
49206,305.0,132.5
49236,305.0,133.5
49266,305.0,132.5
49298,304.0,133.0
49329,304.0,133.5
49360,303.0,133.0
49407,300.5,132.0
49438,298.0,131.0
49487,296.5,130.5
49517,295.0,130.0
49548,294.0,130.5
49582,293.0,130.5
49610,293.0,130.5
49643,291.5,130.0
49673,290.0,130.5
49702,289.5,130.5
49734,288.5,131.0
49765,287.5,130.5
49796,286.5,130.5
49843,285.0,130.5
49875,283.5,130.5
49905,283.0,131.0
49935,282.5,131.0
49983,281.5,131.0
50012,281.5,131.0
50044,281.5,131.0
50075,283.0,131.5
50107,286.5,133.0
50138,286.5,133.5
50170,287.5,133.5
50200,289.0,133.0
50233,289.0,133.0
50262,289.0,132.5
50293,289.0,132.5
50328,288.0,132.0
50372,287.5,131.5
50404,287.0,131.5
50436,287.0,131.5
50468,286.5,131.0
50513,286.0,131.0
50543,286.0,131.5
50575,285.5,131.0
50606,285.0,131.5
50685,284.5,131.0
50714,284.0,131.0
50747,284.0,131.0
50777,284.0,130.5
50808,283.5,131.0
50840,283.0,131.0
50870,283.0,131.0
50902,283.0,131.0
50933,283.0,131.0
50962,283.0,131.0
50996,282.0,131.0
51039,282.5,131.0
51071,282.0,131.0
51103,282.0,131.0
51132,282.0,131.0
51164,282.0,131.0
51195,281.0,131.0
51227,278.5,130.5
51257,276.5,130.0
51288,275.5,130.0
51319,275.5,130.0
51350,274.0,130.0
51385,273.5,130.0
51420,273.0,129.5
51466,271.5,129.5
51507,271.5,129.5
51537,271.5,129.5
51568,271.0,129.5
51599,271.0,129.5
51630,270.5,129.5
51661,270.5,129.5
51692,270.5,129.5
51723,270.0,129.5
51753,270.5,129.5
51785,270.0,130.0
51816,270.0,130.0
51846,270.0,130.0
51879,270.0,130.0
51910,270.0,129.5
51942,270.5,130.0
51973,270.5,129.5
52004,270.5,129.5
52035,270.5,129.5
52083,270.5,130.0
52118,270.5,129.5
52161,270.5,129.5
52193,270.5,129.5
52226,270.0,129.5
52257,269.5,129.5
52287,270.0,129.5
52321,271.0,129.5
52350,272.5,129.5
52381,272.5,128.5
52412,272.5,128.5
52444,272.5,128.5
52474,272.5,128.5
52505,273.5,128.5
52538,273.0,129.5
52567,273.0,129.5
52599,273.0,129.5
52631,273.5,129.5
52680,276.0,130.0
52710,279.0,130.5
52739,280.5,131.0
52770,281.5,131.5
52800,283.0,130.5
52832,283.5,130.5
52865,284.5,131.0
52894,284.5,131.0
52943,284.5,131.0
52975,285.0,131.0
53008,285.0,131.0
53038,285.0,131.0
53070,285.0,131.0
53116,285.0,131.0
53146,284.5,130.0
53177,284.5,130.0
53212,284.5,130.0
53257,284.5,130.0
53288,284.5,130.0
53319,284.5,130.0
53352,284.5,130.0
53382,284.5,130.0
53412,284.5,130.0
53447,285.0,130.0
53492,284.5,130.0
53520,284.5,130.0
53553,284.5,130.0
53583,284.5,130.0
53613,283.5,130.0
53644,283.0,130.0
53676,283.5,130.0
53708,282.5,130.0
53738,282.5,130.0
53772,281.5,130.0
53802,281.5,130.0
53833,281.5,130.0
53864,282.0,130.0
53893,281.5,130.0
53924,281.5,130.0
53972,281.0,130.0
54003,281.0,130.0
54035,280.5,130.5
54066,280.5,130.0
54097,280.5,129.5
54131,280.0,129.5
54160,279.0,129.5
54206,279.0,129.5
54237,278.5,130.0
54268,278.5,130.5
54299,278.0,130.5
54330,278.0,130.0
54366,277.5,129.5
54409,277.5,129.5
54443,277.0,130.5
54472,276.0,130.5
54502,275.0,130.5
54533,274.0,130.5
54564,273.5,130.5
54596,273.5,131.0
54628,273.0,131.0
54675,273.0,131.5
54705,273.0,132.0
54736,273.0,132.0
54767,273.5,132.0
54799,273.5,131.5
54831,274.0,131.5
54862,275.0,131.0
54893,275.0,131.0
54923,275.5,131.0
54957,275.0,130.0
54985,275.0,130.0
55017,276.0,129.5
55063,276.0,129.5
55095,276.0,129.5
55127,277.0,129.5
55157,277.0,129.5
55189,277.0,129.5
55219,277.5,129.5
55266,277.0,128.5
55297,276.0,127.5
55329,276.0,127.5
55359,276.0,127.5
55392,276.0,128.0
55422,276.5,128.0
55469,276.5,128.5
55500,276.5,128.0
55533,277.0,128.0
55563,277.0,128.0
55595,277.0,128.0
55625,277.0,128.5
55657,277.0,128.0
55690,277.0,128.0
55720,277.0,127.5
55750,278.0,128.0
55782,277.5,128.0
55829,277.5,128.0
55858,277.0,128.0
55906,277.5,128.0
55936,277.5,128.0
55965,277.0,128.0
55997,276.5,127.5
56028,275.5,127.5
56058,276.0,127.5
56089,276.0,127.5
56119,277.0,127.5
56149,277.0,128.0
56199,277.0,127.5
56230,278.0,127.5
56260,280.5,127.5
56290,281.0,127.5
56338,282.0,127.5
56370,282.5,127.5
56406,283.5,127.5
56449,283.5,128.5
56486,283.5,127.5
56527,284.0,128.0
56558,284.5,128.0
56590,284.5,127.5
56620,284.5,126.5
56651,285.0,126.5
56684,285.5,127.0
56715,286.0,127.5
56748,286.0,127.5
56777,287.0,128.5
56810,288.0,127.5
56840,289.0,128.5
56873,290.0,128.5
56917,290.5,129.0
56947,291.0,129.0
56979,291.5,129.5
57009,292.5,130.0
57039,293.0,130.0
57071,293.5,130.0
57102,293.5,130.0
57132,294.5,130.0
57164,294.5,130.0
57195,294.0,131.0
57228,294.5,131.0
57258,295.0,131.5
57290,295.0,131.0
57319,295.0,132.0
57351,295.5,132.0
57381,295.5,132.0
57428,296.0,132.0
57460,296.5,131.5
57491,296.5,131.5
57521,296.5,131.5
57553,297.0,132.0
57603,296.5,132.0
57633,296.5,132.0
57664,297.0,132.0
57694,297.0,132.0
57725,297.5,132.0
57758,296.5,131.5
57835,298.0,132.0
57865,297.5,131.5
57897,298.0,131.5
57926,297.0,132.0
57959,296.5,131.5
57989,297.0,131.0
58020,297.0,131.5
58052,296.5,132.0
58083,298.0,132.0
58116,297.5,132.5
58146,298.0,132.5
58193,297.5,132.5
58224,298.0,133.0
58258,298.0,133.0
58301,297.5,133.0
58335,298.0,133.0
58364,298.5,133.0
58395,296.0,134.5
58425,298.0,134.5
58457,300.0,134.0
58489,299.5,132.5
58520,300.0,132.0
58551,299.5,132.0
58582,300.0,131.0
58612,300.0,131.5
58645,301.0,131.0
58677,301.5,132.0
58705,301.5,131.5
58735,301.5,131.5
58768,301.5,131.5
58797,302.0,131.5
58828,302.5,131.5
58859,302.5,131.5
58890,302.5,131.5
58921,302.5,131.5
58952,302.5,131.5
58985,303.0,131.5
59016,303.5,131.5
59047,303.5,131.5
59092,303.5,132.0
59124,303.5,131.5
59154,303.5,131.5
59186,304.0,131.5
59233,303.5,132.0
59266,303.0,132.0
59295,302.5,131.5
59327,302.5,131.5
59358,302.5,131.5
59389,302.5,132.0
59420,302.5,132.0
59451,303.0,131.0
59484,302.5,132.0
59514,302.5,131.0
59546,302.0,131.5
59576,303.0,131.5
59606,303.0,131.5
59638,303.5,130.5
59685,303.0,131.0
59716,303.5,130.5
59761,303.0,130.5
59792,303.0,130.0
59824,302.5,130.0
59855,303.0,130.0
59885,303.0,130.0
59917,303.0,130.0
59948,303.0,129.0
59980,303.5,129.5
60012,302.5,129.5
60043,303.0,129.5
60074,302.0,129.5
60105,302.5,129.0
60151,302.5,130.0
60182,303.0,129.5
60214,303.0,130.0
60245,302.0,129.0
60292,302.0,128.0
60322,301.5,127.5
60352,302.0,125.5
60383,302.0,125.0
60417,302.0,126.0
60447,302.0,125.5
60477,301.5,125.5
60507,302.0,125.0
60558,301.5,125.0
60588,301.5,125.0
60620,301.0,126.5
60650,301.0,127.5
60683,300.5,127.0
60712,300.0,126.0
60745,300.5,127.5
60774,300.0,129.5
60804,300.5,129.5
60851,300.0,130.0
60882,300.0,130.0
60914,300.0,129.5
60949,300.0,130.0
61022,299.5,130.0
61053,300.0,130.5
61083,300.0,129.5
61117,299.5,130.0
61147,299.0,129.5
61178,299.0,130.0
61213,300.0,130.0
61271,300.5,130.0
61320,301.5,128.0
61351,301.5,127.0
61380,302.0,126.5
61419,303.0,126.0
61474,303.5,126.0
61536,304.0,126.0
61567,304.5,125.0
61598,305.0,124.5
61630,305.0,124.0
61661,305.5,124.0
61691,306.0,124.0
61723,306.0,124.0
61754,306.0,124.0
61802,306.5,125.5
61848,306.5,125.5
61880,307.5,125.5
61912,307.5,125.5
61942,307.5,125.0
61973,307.0,125.5
62005,308.0,125.0
62037,308.5,124.5
62067,309.0,124.0
62098,309.0,123.5
62128,309.5,124.0
62159,309.5,124.0
62207,310.5,124.0
62254,311.5,124.0
62284,311.5,123.5
62316,311.5,123.5
62363,312.0,123.5
62395,312.5,123.5
62430,313.0,122.5
62474,313.5,122.5
62503,313.5,122.5
62534,313.5,122.5
62565,314.0,122.5
62595,314.0,122.5
62626,314.0,123.0
62659,314.5,123.0
62689,314.5,122.5
62720,314.0,122.5
62751,314.5,122.5
62782,314.5,123.0
62814,314.5,123.0
62845,315.0,123.0
62876,315.0,122.5
62910,315.5,123.0
62938,315.5,122.5
62970,315.5,123.0
63002,316.0,123.0
63032,316.0,123.0
63064,315.5,123.0
63126,315.5,123.0
63156,315.5,123.0
63204,315.5,123.0
63235,315.5,123.0
63266,315.0,123.0
63298,315.0,123.0
63331,315.0,123.0
63360,315.0,122.5
63390,314.5,123.0
63428,314.0,123.5
63470,314.5,123.0
63501,314.0,123.0
63532,313.5,123.5
63562,313.5,123.5
63592,313.0,123.0
63624,313.5,123.0
63656,313.5,123.5
63687,313.0,123.5
63719,313.0,122.5
63748,313.0,123.0
63783,313.0,122.5
63829,312.5,123.5
63859,313.0,123.5
63892,312.5,123.5
63934,312.5,124.0
63969,312.5,124.5
64012,312.5,124.0
64044,312.5,124.0
64075,313.0,127.0
64107,313.0,129.5
64139,312.0,128.0
64170,312.0,127.5
64201,311.5,126.5
64234,311.5,126.5
64263,311.0,126.0
64295,310.5,126.0
64326,310.5,126.5
64357,310.5,126.5
64403,309.5,126.5
64434,309.5,127.5
64465,309.5,127.0
64497,309.5,127.0
64529,309.5,126.5
64561,309.5,127.0
64591,309.5,127.0
64623,308.5,127.5
64653,308.5,127.5
64686,308.5,128.0
64716,308.5,127.5
64747,308.5,127.5
64777,308.5,127.5
64808,308.0,128.0
64838,308.5,128.5
64870,308.5,128.5
64901,308.0,127.5
64932,308.0,128.0
64964,308.0,128.0
65011,307.0,127.5
65041,307.0,127.5
65072,307.5,127.5
65103,307.0,127.5
65137,307.0,127.5
65179,307.0,127.5
65209,307.0,127.5
65241,306.5,128.0
65271,307.0,127.5
65300,307.0,127.5
65332,306.5,128.0
65363,307.0,128.0
65411,306.5,128.0
65442,306.5,128.0
65475,307.0,128.0
65506,307.0,128.0
65536,307.0,128.0
65566,307.0,127.5
65599,307.5,127.0
65643,307.5,127.5
65673,307.5,127.0
65705,307.5,127.0
65737,307.5,127.0
65767,307.5,127.0
65799,307.5,127.0
65829,307.0,127.5
65876,307.5,127.0
65909,307.0,127.0
65939,307.0,127.0
65969,307.0,127.0
65999,307.0,127.5
66033,307.0,128.0
66077,307.0,127.5
66111,307.0,128.0
66142,307.0,128.0
66174,307.0,128.0
66205,307.0,128.0
66236,307.0,128.0
66267,307.0,128.5
66329,306.5,128.0
66368,307.0,128.0
66412,307.0,128.0
66454,307.0,128.0
66493,307.5,128.0
66533,307.5,128.0
66569,307.5,127.5
66616,307.5,128.0
66659,307.5,127.5
66690,307.5,127.0
66722,307.5,127.0
66757,307.5,127.0
66810,307.5,127.0
66850,307.5,126.5
66881,307.0,127.0
66912,307.0,127.0
67005,307.0,127.0
67077,307.0,127.0
67130,307.0,126.5
67164,307.0,126.0
67209,307.0,126.5
67239,307.0,127.0
67269,307.0,126.0
67301,306.5,127.0
67331,306.5,126.5
67364,307.0,127.0
67394,307.0,127.0
67427,307.0,127.0
67458,307.5,127.0
67487,307.0,127.0
67519,307.0,128.0
67550,307.0,128.0
67579,307.0,128.0
67631,307.0,128.0
67679,307.0,128.5
67709,307.0,129.0
67741,306.5,129.5
67772,305.5,129.5
67801,305.5,129.0
67834,305.0,129.5
67866,305.0,129.5
67898,305.0,128.5
67928,305.5,128.0
67961,306.0,126.5
67993,305.5,127.0
68024,305.5,126.5
68057,306.0,126.5
68092,305.0,126.5
68136,306.0,126.5
68167,306.0,126.5
68198,306.0,126.5
68229,306.0,126.5
68261,306.0,127.0
68293,306.0,126.5
68324,306.0,127.5
68355,304.0,127.5
68385,304.5,129.5
68416,304.5,129.5
68449,304.0,129.5
68482,304.0,129.0
68561,304.5,129.5
68610,304.0,128.5
68685,305.0,128.0
68735,307.0,125.5
68779,307.0,125.5
68827,307.0,125.0
68875,307.0,125.5
68922,307.5,125.5
68966,307.5,125.0
68997,308.0,125.0
69044,307.5,125.5
69076,307.5,125.5
69107,308.0,125.0
69141,308.0,125.5
69189,308.0,125.5
69238,308.0,125.5
69284,308.0,125.5
69327,308.0,125.5
69389,308.0,125.5
69419,308.0,125.5
69450,307.5,125.5
69483,307.5,125.5
69513,307.5,125.5
69544,307.5,125.5
69590,307.5,125.5
69619,307.5,125.5
69653,307.5,125.5
69683,307.5,125.5
69715,307.5,125.5
69747,307.5,126.5
69778,307.5,126.5
69813,307.5,127.0
69857,307.5,126.5
69889,308.0,126.5
69923,308.5,127.0
69967,309.5,126.5
70001,309.5,126.0
70049,309.5,126.5
70119,309.5,126.5
70208,309.5,126.5
70263,310.5,126.5
70296,310.5,126.0
70326,310.5,127.0
70358,310.5,126.5
70390,311.0,126.5
70421,311.0,126.5
70455,311.0,127.0
70488,311.5,127.0
70517,311.5,127.0
70548,311.5,127.0
70577,311.5,127.0
70609,311.5,127.0
70640,311.0,127.5
70671,311.5,127.0
70703,311.0,127.0
70733,311.0,127.0
70809,311.0,127.5
70855,311.0,127.0
70904,310.5,127.5
70938,310.5,127.5
70977,310.5,127.5
71028,309.5,127.5
71076,309.0,126.5
71112,308.5,127.5
71143,308.5,127.5
71176,308.0,127.5
71221,308.0,127.5
71250,308.0,127.5
71281,307.5,128.0
71324,307.5,128.0
71359,307.5,128.0
71391,307.0,128.0
71423,307.0,128.5
71456,306.0,128.0
71503,306.0,128.0
71546,305.5,128.0
71579,305.5,128.0
71610,305.5,128.0
71640,305.0,128.0
71671,305.0,128.0
71703,305.5,128.0
71750,305.5,128.0
71793,305.0,128.0
71824,305.0,128.5
71856,305.0,128.5
71891,305.0,128.5
71920,305.0,128.0
71953,305.0,128.5
71983,305.0,128.5
72013,306.0,128.0
72046,306.0,128.0
72078,306.0,128.0
72109,306.0,128.5
72139,306.0,128.0
72171,306.0,128.5
72202,307.0,128.0
72238,306.0,128.5
72281,306.5,128.5
72311,305.5,128.5
72341,305.0,128.5
72375,305.0,128.5
72405,305.0,128.5
72435,305.0,128.0
72467,305.0,128.5
72497,305.0,128.5
72529,305.0,128.5
72560,304.5,128.5
72592,304.5,128.5
72623,304.0,128.5
72654,304.5,129.0
72687,306.5,131.5
72716,305.5,130.5
72748,305.0,130.0
72780,305.0,129.5
72810,304.5,129.0
72843,305.5,132.0
72874,305.0,132.0
72905,307.0,131.0
72937,306.5,129.5
72967,306.0,128.5
72998,305.5,128.5
73027,306.0,128.5
73058,306.0,128.5
73092,306.5,128.5
73123,306.0,128.0
73155,306.0,128.5
73186,305.5,128.0
73215,306.0,128.5
73246,305.5,128.5
73293,305.5,128.5
73322,305.5,128.5
73355,305.5,128.5
73386,305.5,128.5
73415,305.0,128.0
73449,305.0,128.0
73500,305.0,128.5
73542,305.5,128.5
73573,305.0,128.5
73604,305.5,128.5
73636,306.0,128.0
73670,307.0,128.5
73701,307.5,127.5
73731,308.0,127.5
73763,308.0,127.5
73792,308.0,128.0
73826,308.0,127.5
73860,308.0,127.5
73905,308.0,127.5
73935,308.0,127.5
73967,308.0,127.5
74000,308.0,127.5
74030,308.0,127.5
74062,308.0,128.0
74108,308.0,127.5
74172,308.5,130.0
74214,305.0,132.0
74245,305.5,132.5
74277,306.0,131.0
74321,306.0,130.0
74352,306.0,129.0
74382,305.5,128.5
74412,305.0,128.0
74447,305.5,128.0
74479,305.5,128.0
74511,305.0,128.0
74543,306.0,128.0
74573,306.0,128.0
74604,306.5,128.0
74636,306.0,128.0
74668,306.0,128.0
74699,306.0,128.0
74730,306.5,128.0
74762,306.0,128.0
74794,306.5,128.0
74824,307.0,130.0
74855,305.5,132.5
74887,305.0,132.5
74917,306.5,131.5
74952,307.0,129.5
74997,306.5,129.0
75026,306.5,128.0
75056,306.5,128.0
75088,306.5,128.0
75120,306.0,128.0
75151,306.0,128.0
75179,306.0,128.5
75211,306.5,128.5
75242,306.0,128.0
75272,306.0,128.0
75305,306.0,128.0
75336,306.0,128.0
75368,306.0,128.0
75415,307.0,128.0
75446,307.0,127.5
75493,307.0,128.0
75528,307.0,126.5
75571,307.5,125.0
75603,308.5,124.0
75635,309.0,122.5
75667,310.5,121.5
75697,311.5,119.5
75728,313.0,118.0
75761,314.0,115.0
75791,316.0,113.0
75821,319.5,109.0
75857,321.0,107.5
75901,320.5,107.5
75933,322.5,106.0
75976,324.5,104.0
76008,326.0,102.5
76041,327.0,101.0
76102,328.0,98.0
76133,330.5,95.5
76168,332.5,94.0
76199,335.5,91.0
76228,339.0,89.5
76260,345.5,85.5
76292,349.0,84.0
76322,354.0,84.5
76356,353.5,84.5
76387,358.5,86.5
76417,364.0,88.5
76448,370.5,91.5
76479,375.5,95.0
76512,380.0,97.0
76542,383.0,97.5
76575,385.5,96.5
76606,387.0,94.0
76637,386.5,87.5
76668,386.0,84.0
76698,384.0,82.5
76729,381.5,81.0
76761,381.0,81.0
76789,377.0,81.0
76821,372.5,81.5
76852,368.5,81.5
76885,365.0,82.0
76916,361.0,82.0
76949,357.5,82.0
76979,352.5,82.0
77011,345.0,79.0
77042,342.0,77.5
77072,340.0,75.5
77120,340.0,72.5
77152,339.0,69.0
77183,339.0,68.5
77232,338.0,66.0
77277,335.5,64.0
77310,333.0,64.5
77343,329.0,65.0
77371,322.5,65.0
77403,316.5,65.5
77433,302.5,64.5
77464,294.0,63.0
77495,286.5,61.5
77526,278.5,60.0
77557,268.5,59.0
77587,268.5,59.5
77618,261.5,59.0
77650,254.5,60.0
77682,248.0,61.0
77710,243.0,62.5
77740,237.5,64.0
77773,232.5,66.0
77803,226.0,69.5
77833,222.0,71.5
77863,219.5,73.5
77895,216.5,76.5
77957,213.0,78.0
77989,209.0,80.0
78021,208.5,79.0
78051,205.5,79.0
78082,201.0,76.0
78113,196.0,69.5
78143,192.5,61.5
78175,191.5,54.5
78206,202.0,45.5
78236,212.5,44.0
78269,226.5,45.0
78299,240.5,48.0
78330,257.5,53.5
78376,270.0,59.0
78407,283.5,63.0
78439,284.5,63.5
78470,295.0,68.0
78502,304.5,71.5
78533,313.0,74.0
78567,320.0,75.5
78595,331.5,75.5
78642,335.5,76.0
78673,339.0,76.5
78705,344.0,77.5
78735,347.5,79.0
78766,351.5,81.5
78815,355.0,84.0
78846,357.5,86.5
78876,358.0,86.0
78907,360.0,89.0
78937,362.0,90.0
78970,363.0,91.5
79002,363.0,95.0
79034,362.0,97.0
79065,361.0,98.5
79095,360.0,99.5
79126,358.5,100.5
79158,357.0,100.5
79221,356.0,99.5
79258,354.5,99.0
79297,354.5,98.5
79332,353.5,97.5
79361,353.0,97.0
79392,352.0,96.5
79425,350.5,96.5
79455,350.0,97.0
79493,349.0,96.5
79534,348.5,96.0
79564,348.0,95.5
79595,347.0,95.0
79643,347.0,94.5
79673,347.0,94.0
79707,346.5,93.0
79738,346.5,93.0
79768,346.5,93.0
79798,346.5,93.5
79832,346.5,94.5
79860,346.5,95.0
79891,346.0,95.0
79923,346.0,95.0
79955,346.0,95.5
79985,345.5,95.5
80016,345.5,95.5
80046,345.5,95.5
80077,345.5,96.0
80110,345.0,96.0
80139,345.0,96.0
80171,345.0,96.5
80203,344.5,96.5
80233,344.5,96.5
80266,344.0,96.5
80295,343.5,95.5
80326,343.0,94.5
80358,342.5,93.5
80408,342.0,93.0
80438,341.5,92.5
80468,340.5,92.5
80514,340.5,92.0
80545,339.5,92.0
80578,339.5,92.0
80609,340.5,97.0
80639,340.5,95.0
80671,340.5,93.5
80703,338.5,93.0
80733,338.0,92.5
80764,337.5,93.5
80796,337.5,94.5
80826,338.0,95.5
80857,338.0,97.0
80904,339.0,98.0
80935,339.0,99.0
80966,339.0,99.0
81013,340.5,100.0
81045,341.0,101.0
81078,341.0,101.0
81108,340.5,101.0
81138,339.5,100.0
81170,338.0,100.0
81202,336.5,100.0
81231,334.0,99.5
81262,332.0,99.5
81296,330.0,99.5
81341,328.0,99.5
81372,326.5,99.5
81407,324.5,100.5
81438,323.5,101.0
81468,321.5,102.0
81499,320.0,102.0
81530,318.5,102.5
81563,317.0,101.5
81594,316.5,100.5
81624,315.5,99.5
81670,315.5,98.5
81703,315.5,98.0
81732,316.5,96.0
81763,317.0,96.0
81813,317.5,94.5
81843,318.0,94.0
81874,318.0,93.5
81906,319.0,94.0
81939,319.0,94.5
81968,319.5,94.5
81999,320.5,96.0
82030,321.0,101.0
82063,320.5,102.0
82092,320.5,101.0
82123,322.0,100.0
82155,321.5,100.0
82202,321.0,99.0
82231,320.5,98.5
82263,320.5,98.0
82294,321.0,97.5
82325,321.0,97.5
82372,321.0,97.5
82406,321.0,97.5
82436,321.0,97.5
82467,321.0,98.0
82501,321.0,98.5
82530,320.5,98.5
82558,320.5,99.0
82607,320.5,99.0
82638,320.0,99.0
82669,320.0,98.5
82699,319.5,98.0
82731,320.0,97.5
82762,319.5,97.5
82806,319.5,97.5
82838,319.5,97.0
82869,319.5,97.0
82900,319.5,97.0
82930,319.0,97.0
82961,319.5,97.0
82992,319.0,97.0
83040,319.0,97.0
83070,318.5,97.0
83132,318.5,97.0
83168,318.5,97.0
83212,318.5,97.0
83243,318.5,96.5
83272,318.5,96.5
83304,318.5,96.5
83335,318.5,96.0
83366,318.0,96.0
83398,318.5,96.5
83428,318.0,96.0
83458,317.5,96.5
83490,318.0,96.5
83520,317.0,96.5
83552,317.0,96.5
83583,316.0,96.5
83615,316.0,96.5
83646,316.0,96.5
83677,316.0,96.5
83707,316.5,96.5
83739,317.0,96.0
83769,318.0,95.0
83800,319.0,95.0
83829,321.0,93.5
83860,322.5,93.5
83909,324.5,93.0
83938,326.0,94.5
83969,328.0,95.5
84002,329.0,96.5
84032,330.5,97.0
84060,331.5,97.0
84093,331.5,97.5
84125,332.0,96.5
84156,332.5,96.5
84188,333.5,97.0
84217,333.5,97.5
84247,334.0,97.5
84294,335.0,98.5
84326,335.0,99.0
84356,335.5,99.0
84527,330.5,99.0
84558,329.5,99.0
84589,328.0,99.0
84620,326.5,98.5
84651,324.0,99.0
84685,322.5,99.0
84712,323.0,98.5
84744,321.0,98.0
84777,321.5,98.5
84809,321.0,98.5
84839,321.0,98.5
84870,320.0,98.5
84900,319.0,98.0
84932,317.5,98.0
84963,317.0,98.5
84993,315.5,99.0
85026,315.0,98.5
85056,314.5,98.5
85087,314.0,98.5
85117,313.5,98.0
85165,313.0,98.5
85199,313.0,98.0
85231,312.0,98.5
85260,312.0,99.0
85291,312.0,99.5
85325,312.0,99.0
85354,311.5,99.0
85388,311.5,98.5
85418,312.5,98.5
85464,312.0,98.5
85494,312.5,98.5
85527,312.5,98.5
85557,313.0,99.0
85589,313.0,99.0
85621,312.0,99.0
85668,310.5,99.0
85701,310.0,99.5
85729,310.0,99.5
85761,309.5,99.5
85792,308.5,100.5
85823,308.0,100.0
85853,306.5,99.5
85884,307.0,99.5
85916,306.5,99.5
85948,306.0,99.5
85993,305.5,100.0
86024,305.5,99.5
86070,305.5,100.0
86101,305.0,99.5
86133,305.0,99.5
86164,304.5,99.5
86196,304.0,100.0
86229,304.0,100.0
86258,304.0,100.5
86289,303.0,100.0
86321,303.5,100.5
86351,302.5,100.0
86382,302.5,101.0
86430,301.5,100.5
86462,301.5,100.5
86494,301.5,100.5
86530,302.0,101.0
86571,301.0,101.0
86604,301.0,101.5
86635,300.5,100.5
86666,301.0,100.5
86699,301.0,101.5
86743,301.5,101.0
86774,302.0,101.0
86805,302.0,101.5
86838,302.5,101.0
86873,304.0,100.5
86901,304.5,101.0
86932,305.0,100.5
86964,306.0,100.5
86996,307.5,101.0
87024,307.5,100.5
87059,308.0,101.0
87089,308.0,101.5
87120,308.5,102.0
87151,309.5,102.0
87181,308.5,102.5
87213,308.0,102.5
87244,308.5,102.0
87289,308.0,102.5
87321,308.5,103.0
87352,308.0,102.5
87384,308.5,102.5
87430,307.5,102.5
87462,308.5,102.5
87493,308.5,102.5
87523,308.5,102.5
87553,308.5,102.5
87584,308.5,103.5
87616,309.0,102.5
87647,308.5,102.5
87696,308.0,103.0
87725,309.0,102.5
87759,308.5,103.0
87788,308.5,102.5
87818,308.5,103.5
87849,309.0,103.0
87882,308.0,102.5
87912,308.5,103.0
87944,308.0,103.0
87974,308.5,103.5
88023,308.0,103.0
88052,309.0,102.5
88083,308.0,102.5
88130,309.0,102.5
88162,309.0,102.5
88194,309.5,102.5
88226,309.0,102.5
88256,308.5,102.5
88289,309.0,102.5
88320,309.0,102.5
88351,309.5,102.5
88383,310.0,102.5
88413,308.5,102.0
88445,309.5,102.0
88476,309.5,102.0
88509,309.0,101.5
88556,309.5,101.5
88586,309.5,101.5
88618,309.5,102.0
88650,310.0,102.0
88681,310.5,102.0
88710,310.0,101.5
88757,310.5,101.5
89103,312.0,100.5
89148,311.5,100.0
89181,311.5,100.0
89211,312.5,100.5
89241,312.5,100.5
89271,313.5,100.5
89302,313.5,100.5
89333,314.0,100.0
89365,314.5,100.0
89427,314.5,100.5
89456,314.5,100.5
89489,315.5,100.5
89522,316.5,100.5
89551,316.5,100.5
89583,317.0,100.0
89614,317.5,100.0
89645,317.5,100.5
89677,318.0,100.0
89708,318.0,100.0
89739,317.5,100.0
89770,317.5,99.0
89818,317.0,98.0
89882,316.0,98.5
89912,317.0,98.0
89945,316.0,98.5
89975,316.0,97.5
90005,315.0,98.0
90034,315.0,98.0
90065,313.5,98.0
90098,313.5,98.0
90127,313.5,98.5
90159,312.5,99.0
90190,311.0,98.5
90220,309.5,98.0
90253,307.5,98.0
90284,306.5,97.0
90314,306.5,97.0
90345,305.0,97.0
90376,304.0,96.0
90407,303.0,95.0
90439,301.0,94.0
90470,300.5,92.5
90501,298.5,91.0
90531,296.5,91.0
90564,296.5,91.0
90610,294.5,91.5
90642,295.0,93.0
90690,295.5,92.0
90718,296.0,92.5
90751,296.5,92.5
90783,296.0,93.0
90815,296.5,93.0
90845,296.5,93.0
90875,297.5,92.5
90905,298.5,93.5
90937,300.0,93.5
90967,301.0,95.0
90998,303.5,96.0
91045,305.5,96.5
91076,307.0,96.0
91122,308.5,96.0
91153,308.5,95.5
91184,309.5,96.5
91218,311.0,95.5
91247,312.5,96.5
91277,314.0,96.5
91309,316.0,97.0
91342,318.5,97.5
91372,321.5,98.5
91404,329.0,100.0
91437,333.0,101.0
91467,336.0,102.0
91513,340.0,103.0
91545,343.5,104.0
91574,343.0,104.0
91608,347.5,104.5
91638,350.5,105.0
91671,353.5,104.0
91699,356.0,102.5
91733,359.0,101.5
91762,360.5,100.5
91809,364.0,100.5
91840,365.0,101.5
91875,366.5,101.5
91917,368.0,100.5
91949,369.0,100.0
91979,370.0,100.0
92010,370.0,100.0
92041,371.5,100.0
92072,372.5,100.0
92104,373.5,100.0
92135,374.5,100.5
92183,374.5,101.0
92215,373.0,101.5
92245,371.5,102.5
92277,370.0,103.0
92308,368.5,104.0
92339,366.5,106.0
92384,365.0,107.5
92415,364.0,109.0
92447,363.5,109.0
92478,363.5,109.5
92510,363.0,110.5
92545,364.5,110.0
92575,366.5,110.5
92605,371.0,110.5
92639,375.0,111.0
92666,378.0,111.5
92697,381.5,111.5
92728,385.5,111.0
92804,390.0,109.5
92835,391.0,107.5
92866,391.0,107.0
92898,391.0,104.0
92929,390.0,99.5
92961,388.5,95.0
92993,386.0,90.5
93025,382.0,83.5
93055,378.5,84.5
93085,375.0,87.5
93117,370.5,92.5
93148,366.0,97.5
93178,363.5,103.5
93210,361.5,109.5
93241,360.0,114.0
93274,359.5,114.5
93306,358.5,117.0
93338,357.5,118.5
93369,357.0,119.5
93399,357.5,119.5
93445,359.0,119.5
93476,360.0,120.0
93508,362.5,120.5
93543,364.0,121.5
93570,365.0,122.0
93603,365.5,122.0
93649,365.5,121.0
93680,364.5,121.0
93711,364.5,121.0
93743,363.5,120.5
93774,363.5,120.5
93805,360.5,121.5
93838,358.0,122.5
93870,355.0,123.5
93900,352.0,123.5
93933,350.0,124.5
93963,348.0,124.5
93996,346.0,124.0
94026,345.0,123.5
94072,344.0,123.5
94104,344.0,124.0
94134,344.0,124.0
94165,344.0,124.0
94217,345.0,125.5
94260,346.0,126.0
94289,346.5,126.5
94322,348.0,126.5
94351,349.0,127.0
94385,350.0,126.5
94415,351.5,126.5
94445,352.5,126.5
94479,353.0,126.5
94507,353.5,126.5
94537,354.0,126.5
94569,354.5,126.5
94600,357.0,126.0
94631,358.5,125.5
94661,360.0,125.5
94709,361.5,129.0
94740,359.0,129.5
94771,363.5,128.5
94803,366.5,126.5
94833,367.0,124.0
94865,367.5,123.0
94911,368.5,122.0
94943,370.0,121.0
94976,370.5,121.0
95007,372.0,120.0
95041,375.0,120.0
95085,376.5,119.5
95117,378.0,119.0
95148,379.5,119.0
95178,381.0,118.0
95211,382.0,118.0
95539,392.0,114.5
95568,392.5,114.5
95599,392.0,114.0
95630,392.5,114.0
95663,392.0,114.0
95693,392.0,114.0
95725,392.0,114.0
95757,391.5,114.0
95800,391.0,114.0
95831,390.0,113.5
95862,389.0,113.5
95894,388.0,113.5
95926,387.5,113.0
95956,387.0,113.5
95988,387.5,113.5
96019,387.5,115.5
96051,388.0,115.5
96082,387.5,115.5
96113,386.5,114.5
96144,390.0,113.5
96176,390.0,112.0
96208,390.0,110.5
96237,389.5,110.0
96268,389.5,109.5
96300,390.0,109.0
96332,389.5,108.5
96382,390.0,108.5
96430,390.0,108.5
96471,389.5,107.5
96501,389.5,107.5
96534,389.5,107.5
96566,389.0,107.5
96641,389.0,107.5
96673,389.0,107.0
96708,389.0,107.5
96752,388.5,107.5
96782,388.0,107.5
96813,388.0,107.5
96845,387.5,108.0
96877,386.5,107.5
96907,386.0,108.0
96938,385.5,108.5
96969,384.5,108.5
97000,384.5,108.5
97031,383.0,108.5
97062,382.5,109.0
97095,381.5,109.0
97127,381.5,109.5
97157,381.5,110.0
97189,381.0,109.5
97219,380.5,111.0
97251,380.0,111.5
97283,380.0,111.5
97315,378.5,111.5
97345,379.0,111.5
97378,379.5,111.5
97408,379.0,111.0
97439,379.5,111.0
97471,379.5,111.5
97503,379.5,111.5
97534,380.5,112.0
97564,380.5,112.0
97596,380.5,111.5
97627,380.0,112.0
97659,380.5,112.0
97690,380.5,112.0
97721,380.5,113.0
97767,380.0,113.0
97799,379.5,113.5
97829,379.0,113.5
97873,378.5,113.5
97908,378.0,113.5
97936,378.0,114.0
97969,377.0,114.0
97999,377.5,114.0
98030,377.0,114.0
98063,377.0,114.5
98092,377.0,114.5
98123,376.0,114.5
98156,376.0,114.5
98186,376.0,114.5
98218,376.0,114.5
98265,376.0,114.0
98295,376.0,114.0
98328,375.0,114.0
98358,375.0,114.0
98408,375.0,114.0
98452,374.5,114.0
98484,374.5,114.0
98514,374.5,114.0
98544,374.5,114.0
98577,373.5,114.0
98608,373.5,114.0
98640,373.5,114.5
98670,373.0,113.5
98702,373.0,114.0
98749,373.0,113.5
98779,372.5,114.0
98810,372.5,114.5
98842,372.0,114.5
98873,372.5,114.5
98904,372.5,114.5
98935,372.0,114.5
98965,371.5,114.5
98997,371.5,114.5
99030,371.5,114.5
99060,371.5,114.5
99090,371.5,114.0
99120,371.5,114.5
99168,371.0,114.5
99199,371.0,114.5
99230,371.0,114.5
99262,371.0,114.5
99295,371.0,114.5
99323,371.5,114.0
99354,371.0,114.0
99385,371.5,113.5
99418,371.0,113.5
99448,371.0,113.5
99481,371.0,113.5
99590,371.0,114.0
99622,371.0,114.0
99655,371.0,114.5
99684,371.5,114.5
99713,371.5,114.5
99746,371.0,114.5
99777,371.5,114.5
99808,372.0,114.5
99839,371.5,114.5
99871,371.0,114.5
99901,371.0,115.0
99933,371.0,115.0
99965,371.0,115.0
99996,371.0,115.0
100027,370.5,115.0
100057,370.5,115.0
100090,370.5,115.0
100120,370.0,115.0
100150,370.0,115.0
100180,370.0,115.0
100210,370.0,115.0
100246,370.0,115.0
100292,369.0,115.0
100324,369.0,115.0
100354,368.5,115.0
100384,368.5,115.0
100415,368.5,114.5
100446,368.0,114.5
100477,368.0,114.5
100510,367.5,114.5
100540,368.0,114.5
100571,367.5,114.5
100602,367.0,114.5
100633,367.5,114.5
100664,366.5,114.5
100695,367.0,114.5
100728,366.5,114.5
100757,366.5,114.5
100836,366.5,114.5
100867,366.5,114.5
100899,366.5,114.5
100931,366.5,114.5
100961,366.5,114.5
100992,366.0,114.5
101023,366.0,115.0
101058,366.0,114.5
101086,366.0,115.0
101118,365.5,114.5
101151,366.5,114.5
101182,367.0,114.5
101213,367.5,114.5
101247,368.5,115.0
101292,370.5,114.5
101322,373.0,114.5
101383,374.5,113.5
101415,375.5,113.5
101445,376.0,113.0
101475,377.0,113.0
101507,377.0,113.0
101539,378.0,113.0
101572,378.0,113.0
101603,378.5,113.0
101634,378.5,113.0
101664,379.0,112.5
101696,379.5,112.5
101727,379.5,113.0
101790,379.0,112.5
101822,379.5,112.0
101852,379.5,113.0
101883,379.5,113.0
101914,379.5,113.0
101945,379.5,113.0
101974,380.0,113.0
102006,380.0,113.5
102037,380.0,113.5
102072,380.0,113.0
102103,380.0,113.5
102131,380.0,113.0
102162,380.0,113.5
102196,380.0,113.5
102226,380.0,114.0
102256,380.0,113.5
102287,380.0,113.5
102319,380.0,114.0
102349,380.0,114.0
102380,380.0,114.0
102411,380.0,114.5
102441,380.0,114.0
102474,380.0,114.5
102506,380.0,114.0
102535,380.0,114.5
102567,380.0,114.5
102599,379.0,115.0
102632,377.5,116.0
102676,376.5,115.5
102737,376.0,116.0
102769,375.5,116.0
102800,374.5,116.5
102831,374.0,116.5
102924,372.0,116.5
102955,372.0,117.0
102987,371.0,117.0
103018,371.0,117.0
103051,370.5,117.0
103079,370.5,117.0
103127,370.0,117.0
103158,370.0,117.0
103191,370.0,117.0
103220,369.5,117.0
103252,370.0,117.5
103282,369.5,117.5
103313,369.5,117.5
103345,369.0,117.5
103390,369.5,117.5
103423,369.5,118.0
103449,369.0,117.5
103480,369.5,118.0
103511,369.5,117.5
103559,369.0,118.0
103588,369.0,117.5
103618,369.5,118.0
103651,369.0,117.5
103683,369.5,118.0
103714,369.0,118.0
103749,369.0,117.5
103809,370.0,118.0
103855,369.0,118.0
103885,369.0,118.0
103948,369.0,118.0
103980,369.0,117.5
104015,369.0,117.5
104044,369.0,117.5
104073,369.0,118.0
104105,369.0,118.0
104136,369.0,118.0
104167,369.0,118.0
104200,369.0,117.5
104230,368.5,118.0
104263,369.0,117.5
104292,369.0,117.5
104325,369.0,117.5
104354,369.0,118.0
104386,368.5,118.0
104416,369.0,118.0
104449,368.5,118.0
104478,369.0,118.0
104509,369.0,118.0
104542,369.0,118.0
104571,369.0,117.5
104601,368.5,117.0
104648,368.5,117.5
104679,368.5,117.5
104711,369.0,117.5
104743,368.5,118.0
104773,369.0,118.0
104804,369.0,117.5
104836,368.0,117.5
104868,368.0,117.5
104897,368.0,117.5
104928,368.0,117.5
105005,368.0,117.5
105038,368.0,118.0
105068,368.0,118.0
105100,368.0,118.0
105131,368.0,118.0
105162,368.0,118.0
105195,368.0,118.0
105224,368.0,118.0
105256,368.0,118.0
105285,368.0,118.0
105316,369.0,118.0
105348,369.0,118.0
105377,369.0,118.0
105410,369.0,118.0
105442,369.0,118.0
105473,369.0,118.0
105522,369.0,118.0
105551,369.0,118.0
105583,369.0,118.0
105614,369.0,118.0
105705,369.0,118.0
105738,369.0,118.0
105768,369.0,118.0
105799,369.0,118.0
105829,369.0,118.0
105863,369.0,118.0
105892,369.0,118.5
105924,369.0,118.0
105956,369.0,118.0
105986,369.0,118.0
106019,369.0,118.0
106049,369.0,117.0
106080,369.0,117.0
106112,369.0,117.0
106142,369.0,116.5
106174,369.0,116.5
106206,368.5,116.5
106237,368.5,116.5
106268,369.0,117.0
106299,369.0,116.5
106330,369.5,117.0
106361,369.0,117.0
106394,369.0,117.0
106435,369.5,117.0
106465,369.5,117.0
106496,369.5,117.0
106529,369.0,117.0
106561,369.5,118.0
106592,369.5,117.0
106622,370.0,117.0
106653,370.0,117.0
106684,370.0,117.5
106718,370.0,117.0
106746,370.0,117.0
106776,370.0,117.0
106807,370.0,117.0
106839,370.0,117.0
106870,370.5,117.5
106902,370.0,117.5
106933,370.5,117.5
106964,370.5,118.0
106994,370.0,118.0
107041,370.0,118.0
107072,370.0,117.5
107102,370.0,118.0
107133,370.0,117.5
107164,370.0,118.0
107212,370.0,118.0
107241,370.0,118.0
107271,370.0,118.0
107304,369.5,117.5
107335,369.5,118.0
107366,369.0,118.0
107397,369.0,117.5
107442,369.0,117.0
107474,369.0,117.5
107506,368.5,118.0
107537,368.0,118.0
107570,368.0,118.0
107602,368.0,118.0
107647,368.0,118.0
107675,368.0,118.0
107739,368.0,118.5
107770,368.5,118.0
107800,369.0,118.0
107831,369.0,118.0
107863,369.0,118.0
107894,369.0,118.0
107922,369.0,118.0
107958,369.5,118.0
107990,369.5,118.0
108067,369.0,118.0
108103,369.5,118.0
108149,369.0,118.0
108176,369.0,118.0
108208,369.0,117.5
108239,369.0,117.5
108270,369.0,117.5
108303,369.0,117.5
108333,369.0,117.5
108365,369.0,117.0
108395,368.5,117.5
108427,368.0,117.5
108457,368.0,117.5
108490,368.0,117.5
108522,368.0,117.5
108553,368.0,117.5
108586,368.0,117.5
108616,368.0,117.5
108647,368.0,117.5
108677,367.5,117.5
108707,367.0,117.5
108740,367.5,117.5
108786,367.0,117.5
108817,367.0,117.5
108847,367.0,117.5
108876,367.0,117.5
108907,367.0,117.5
108939,366.0,117.5
108969,366.0,117.5
109001,366.0,117.5
109032,366.0,117.5
109064,366.0,117.5
109095,366.0,119.0
109125,365.5,122.5
109156,367.5,120.5
109188,365.0,119.0
109208,365.0,118.5
109251,365.0,118.0
109283,365.5,117.5
109313,365.5,117.5
109345,366.0,117.5
109375,365.5,118.0
109409,365.5,118.0
109441,366.0,117.5
109468,366.0,117.5
109501,366.0,117.5
109531,366.0,117.5
109562,366.0,117.0
109592,365.5,117.0
109624,365.5,117.0
109655,365.5,117.0
109686,365.5,117.0
109750,365.0,117.0
109827,364.0,117.0
109858,364.0,117.0
109890,363.5,116.5
109920,363.5,116.5
109952,363.0,116.5
109984,363.0,116.5
110013,362.5,116.5
110045,362.5,116.5
110076,362.5,116.5
110106,362.5,116.5
110139,362.5,116.5
110171,362.0,116.5
110202,362.5,116.5
110233,362.5,116.5
110264,362.5,116.5
110294,362.5,116.5
110324,362.0,116.5
110357,362.5,116.5
110386,362.5,116.5
110418,362.5,116.0
110450,362.0,116.0
110480,362.0,116.0
110511,361.5,116.0
110541,362.0,116.5
110573,362.5,116.5
110604,362.5,116.5
110635,362.0,116.5
110666,362.0,116.5
110700,362.0,116.5
110728,362.0,116.5
110760,362.0,116.5
110790,361.5,116.5
110821,362.0,116.0
110899,362.0,116.0
110932,360.5,116.0
110962,360.5,116.5
110993,360.5,116.0
111025,360.5,116.0
111056,360.5,116.0
111088,360.5,116.0
111118,360.5,116.0
111151,360.5,116.0
111183,360.5,116.0
111214,360.5,116.0
111243,360.5,116.0
111277,360.5,116.0
111304,360.0,116.0
111336,360.5,116.0
111367,360.5,116.0
111397,360.0,116.0
111443,360.0,116.0
111475,360.0,116.0
111506,360.0,116.0
111538,360.5,116.0
111570,360.0,116.0
111602,360.0,116.0
111632,360.0,116.0
111662,360.0,116.0
111695,359.5,116.0
111725,359.5,116.0
111756,359.5,116.0
111786,359.5,116.0
111820,359.5,116.0
111866,359.0,116.5
111943,360.0,116.0
111973,360.5,116.0
112007,360.0,116.0
112038,360.0,116.0
112069,360.0,116.0
112101,360.0,116.0
112132,359.5,116.0
112163,360.0,116.0
112198,360.0,116.0
112241,359.0,116.0
112272,359.5,116.0
112303,359.5,116.0
112334,359.5,116.0
112365,359.5,116.0
112398,359.5,116.0
112429,359.5,116.0
112460,359.5,116.0
112490,359.5,116.0
112522,359.0,116.0
112554,359.5,116.0
112585,359.5,116.0
112616,359.0,116.0
112646,359.5,116.0
112677,359.5,116.0
112708,359.5,115.0
112738,359.0,115.0
112770,359.5,115.0
112801,359.5,115.0
112830,359.5,115.0
112864,359.0,116.0
112894,359.0,116.0
112926,359.0,116.0
113019,360.0,116.0
113049,359.5,116.0
113082,359.5,115.5
113118,359.5,115.5
113160,359.5,115.5
113194,359.5,115.5
113223,359.5,116.0
113256,359.5,116.5
113287,359.0,116.5
113318,360.0,119.0
113348,360.5,121.5
113378,359.5,122.0
113411,360.0,121.5
113441,359.0,120.5
113473,356.5,120.0
113504,356.5,119.0
113535,355.5,119.0
113568,354.5,118.0
113597,355.0,117.5
113630,355.5,117.0
113660,356.5,116.5
113692,359.0,116.5
113722,361.5,116.0
113754,364.5,116.0
113784,367.0,115.5
113816,369.5,115.0
113847,371.0,115.0
113877,373.0,114.5
113909,374.0,114.0
113940,373.5,113.0
113972,373.0,112.5
114005,372.5,111.5
114033,372.5,112.0
114063,373.0,112.5
114095,372.5,113.0
114126,372.5,112.5
114190,372.5,114.0
114221,372.5,113.0
114253,373.0,113.5
114283,373.0,113.0
114313,373.5,113.5
114345,374.0,114.0
114376,373.5,114.0
114410,373.0,112.5
114441,373.0,112.5
114470,373.0,112.5
114501,372.5,112.0
114532,373.0,112.5
114566,373.0,112.5
114595,372.5,112.0
114629,372.0,111.5
114658,371.0,110.5
114692,370.0,110.0
114721,370.0,109.5
114752,370.5,108.5
114783,370.5,107.0
114830,371.0,106.0
114861,370.5,105.5
114894,371.5,105.0
114923,371.0,104.0
114955,371.5,103.5
114990,371.5,103.5
115018,372.5,103.0
115049,372.5,103.0
115095,373.5,103.5
115128,373.0,104.0
115158,373.0,104.5
115222,372.0,105.0
115252,372.0,107.0
115283,369.0,107.5
115315,367.0,107.0
115346,366.0,105.0
115377,364.5,104.5
115408,362.0,103.5
115440,361.0,102.5
115470,360.0,102.0
115501,359.5,101.5
115532,360.0,100.5
115564,359.0,101.5
115596,358.5,101.5
115626,357.5,102.5
115657,356.5,102.5
115688,357.0,103.0
115734,357.0,102.5
115768,357.5,103.5
115800,358.5,102.5
115830,359.5,102.5
115862,360.0,102.5
115894,360.0,102.5
115924,360.5,102.5
115954,361.0,103.0
115986,361.0,103.0
116018,361.5,103.0
116050,362.0,103.0
116079,363.0,103.5
116127,363.5,103.5
116158,364.5,103.5
116191,365.5,102.5
116332,369.0,102.5
116364,370.0,103.0
116396,371.0,103.0
116427,371.5,104.0
116457,372.5,104.0
116488,373.0,104.0
116520,373.5,104.0
116567,373.0,105.0
116597,372.5,105.5
116626,371.5,106.5
116657,372.0,106.5
116688,370.5,106.5
116719,369.5,107.0
116751,369.0,107.5
116781,369.0,108.5
116816,369.0,108.5
116842,369.5,108.5
116875,370.0,108.5
116906,369.5,109.0
116954,369.0,112.0
116984,369.5,111.5
117016,367.0,109.5
117047,366.5,108.5
117078,367.0,109.0
117124,366.5,108.5
117154,366.5,109.0
117185,366.0,109.0
117217,366.0,109.5
117249,365.0,110.5
117279,364.5,111.5
117312,365.0,112.0
117372,363.5,113.5
117405,363.0,113.5
117435,361.5,114.0
117465,361.0,114.0
117494,361.0,114.0
117526,361.5,113.5
117558,360.5,113.5
117590,359.5,114.0
117621,360.0,113.5
117651,359.0,113.5
117684,358.5,113.5
117717,358.5,113.0
117748,359.0,112.5
117778,359.0,112.0
117823,359.0,112.0
117855,359.0,111.5
117885,359.0,111.5
117916,359.0,111.5
117948,358.5,112.0
117979,359.0,112.0
118010,358.5,112.0
118041,359.5,112.0
118073,360.0,112.0
118104,359.5,112.0
118136,360.5,112.0
118166,361.5,112.0
118260,363.5,113.0
118290,363.0,112.5
118324,363.0,112.5
118353,364.0,112.5
118384,364.5,112.5
118416,364.5,112.0
118447,364.5,112.0
118540,365.0,112.0
118571,365.5,112.0
118603,366.0,112.0
118637,366.5,111.5
118667,367.5,112.0
118699,366.0,111.5
118745,365.0,110.5
118774,365.0,110.5
118807,369.0,112.0
118836,367.5,111.5
118868,369.5,112.5
118899,368.5,112.5
118931,370.0,112.0
118960,369.5,112.5
118992,369.0,111.5
119022,370.5,113.0
119053,369.0,112.5
119084,369.5,112.0
119117,369.0,112.0
119145,369.0,111.5
119176,370.0,113.0
119208,370.0,112.5
119239,369.0,111.5
119270,369.5,112.5
119301,370.0,112.5
119332,371.0,112.0
119363,371.0,111.5
119394,371.0,112.0
119425,371.0,112.0
119459,372.0,112.5
119488,371.5,112.5
119519,372.0,112.5
119581,371.5,112.5
119617,372.0,112.5
119645,372.0,112.5
119675,372.5,112.5
119707,372.5,112.5
119739,373.0,113.0
119771,373.5,112.5
119802,374.0,112.5
119834,375.0,112.5
119866,374.5,112.5
119897,376.0,112.5
119928,376.0,112.5
119959,377.0,112.5
119992,377.0,112.5
120023,377.0,112.5
